tiktok_id,included,n_ppl,gender,gender_2,lang,country,support_vaccine,hcp,verified_hcp,genre,satire_who,correct,satire_comment,why_incorrect,myth_referenced,caption_helpful,infectious_disease_review,general_comments,satire_y_n,commentary_y_n,story_y_n,skit_y_n,silent_y_n,author,url,likes,shares,comments,author_followers,plays,description
1,Yes,Single,Male,NA,English,Unclear,Yes,No,Non applicable,Satire,Antivaxers,N/A,"satire of antivaxxers. making fun of the claims that people who vaccinate are sheep, ""every single person who took the smallpox vaccine is dead now""; satirizing people' fearing vaccine side effects",NA,COVID Vaccine will cause anyone serious short term side effects,NA,No,NA,Y,N,N,N,N,brandongrogan61,https://www.tiktok.com/@brandongrogan61/video/6909968929309871366,2800000,111700,62600,67300,18400000,Fax #vaccine #covidvaccine #comedy #satire
2,Yes,Single,Female,female,English,USA,Yes,No,Non applicable,"Commentary, Story Telling",NA,Yes,this is a retelling of a person's experiences during and after the vaccination. shows how you record the vaccination record on the CDC card.,NA,COVID Vaccine will cause anyone serious short term side effects,NA,No,NA,N,N,N,N,N,live_laugh_lizzie,https://www.tiktok.com/@live_laugh_lizzie/video/6909272173135793414,2400000,11700,23100,58100,8900000,comment if u want any more updates from jean #covidvaccine #covid19 #coronavaccine #wearamask
3,Yes,Single,Male,NA,English,Unclear,Yes,No,Non applicable,"Satire, Skit",Antivaxers,N/A,Skit about long term side effects; but the video itself is unclear if it's satire; in the comments it seems author is pro vaccine,NA,"COVID-19 vaccine will alter my DNA, COVID vaccine will cause people to grow extra limbs and appendages we don't know the long term side effects",Comment: funny but do get vaccinated [emoji] Creator: Agreed,No,"a lot of antivax comments on this tik tok not understanding that this is satire, sketch might have unintended effect of promoting antivax sentiments",Y,N,N,N,N,ericryanericryan,https://www.tiktok.com/@ericryanericryan/video/6955324892459928837,2400000,807500,23700,263300,24800000,#covidvaccine #vaccine #skit #jandj #pfizervaccine #sideeffectsmayinclude #neighbors #millenials
4,Yes,Single,Male,NA,English,Unclear,Yes,No,Non applicable,"Story Telling, Skit",NA,Yes,"provides basic representation of how vaccines confer immunity, makes an analogy to illustrate importance of 2 doses to improve immune response",NA,No myth,NA,No,NA,N,N,N,N,N,hotvickkrishna,https://www.tiktok.com/@hotvickkrishna/video/6946300405756349702,2300000,146400,16900,214400,13000000,Why we need Two Doses of mRNA Vaccine üíâ #fyp #vaccine #mrna #pfizer #moderna #science101 #skit #covid19 #covidvaccine #learnontiktok
5,Yes,Single,Female,NA,English,Unclear,Yes,No,Non applicable,Silent video with visuals,NA,Yes,vaccines will help us return to normalcy and move back to an in person environment.,NA,No myth,NA,No,NA,N,N,N,N,N,annie_wu_22,https://www.tiktok.com/@annie_wu_22/video/6947594672156052741,1900000,53100,26000,11100,7200000,this ad made me so emotional... oof my heartü•∫üò≠ #covidvaccine #healthcare #strongertogether #google #family #quarantine #feels #goodnews #feelgood
6,Yes,Single,Female,NA,English,Unclear,Yes,No,Non applicable,"Story Telling,  Satire",Antivaxers,Yes,creator is poking fun at the vaccine side effect of not being able to feel her fingers when she is congenitally missing both hands,NA,COVID Vaccine will cause anyone serious short term side effects,NA,No,"a lot of antivax comments on this tik tok not understanding that this is satire, sketch might have unintended effect of promoting antivax sentiments",Y,N,N,N,N,2fingered_t_rex,https://www.tiktok.com/@2fingered_t_rex/video/6951078108917157125,1800000,70200,15400,1800000,8900000,I did it!!! #covidvaccine
7,Yes,Double,Female,Male,English,Unclear,Yes,No,Non applicable,"Satire, Stitch (reply to another video)",Antivaxers,Yes,"poking fun at vaccines causing autism. an autistic person jokingly refers to the vaccine as an ""autism update""",NA,COVID Vaccine will cause autism,NA,No,Educational Content but not by HCP by an actor,Y,N,N,N,N,rattoast,https://www.tiktok.com/@rattoast/video/6922661088769117446,988100,114100,10300,119100,5500000,#stitch with @dizzyon.thecomedown Take two at this stitch üé• #fyp #covidvaccine #goldenspotlight
8,No,Single,Female,NA,English,Unclear,No,No,Non applicable,"Commentary, Story Telling",NA,N/A,tik tok story unrelated to covid vaccine,NA,No myth,NA,No,NA,N,N,N,N,N,baph_,https://www.tiktok.com/@baph_/video/6931417561959582981,971300,2855,5533,33800,7400000,#womensupportingwomen #covidvaccine
9,Yes,Double,Male,male,English,USA,No,No,Non applicable,"Commentary, Stitch (reply to another video)",NA,No,tik toker does not accurately describe HIPAA privacy laws. otherwise the rest of the tik tok is more so political arguments about freedom of choice as opposed to discussing the science of the vaccine.,Misinformation,No myth,NA,No,Google Ad which is showing how vaccines can help us get back to normal,N,N,N,N,N,trollonpatrol,https://www.tiktok.com/@trollonpatrol/video/6962934469401611526,915800,119400,27400,293400,4800000,Liberals and the COVID war...life lessons #covid19 #covid #covidvaccine #mybodymychoice #viral #foryou #foryourpage #educateyourself #4thamendment
10,Yes,Single,Female,female,English,USA,No,No,Non applicable,"Commentary, Story Telling",NA,N/A,"not relevant to covid vaccine, this is about covid testing",NA,No myth,NA,No,NA,N,N,N,N,N,lacceeyy0,https://www.tiktok.com/@lacceeyy0/video/6923186142980427014,887300,3523,3084,30900,6200000,Our children are so resilient. #GEICOLipSync #covid19 #covidtesting #covidvaccine #pandemic #florida #fyp #foryoupage #4u
11,Yes,Single,Female,NA,English,Unclear,No,No,Non applicable,"Commentary, Story Telling",NA,N/A,"there is no discussion of the covid vaccine, merely a pop culture tik tok reference",NA,No myth,NA,No,dark humour,N,N,N,N,N,cornurmom,https://www.tiktok.com/@cornurmom/video/6952577969474866438,785300,282,535,9042,6000000,and at that moment i realized i spend too much time on tik tok #fyp #foryoupage #covidvaccine
12,Yes,Single,Female,NA,English,USA,Yes,No,Non applicable,"Commentary, Story Telling, Silent Video with Visuals",NA,N/A,vaccines will help us return to normalcy and in person activities,NA,No myth,NA,No,vaccines will help us return to normalcy and in person activities,N,N,N,N,N,livwillz,https://www.tiktok.com/@livwillz/video/6921780957548743942,778600,28400,10500,24600,3100000,hi I‚Äôm emotional #fyp #SwitchTheChobaniFlip #BoseAllOut #covidvaccine
13,No,Single,Female,NA,English,Unclear,Yes,No,Non applicable,"Commentary, Story Telling, Educational Explaination",NA,Yes,creator describes the basics mechanism of action of an mrna vaccine,NA,No myth,NA,No,Dark Humour,N,N,N,N,N,simplebiologist,https://www.tiktok.com/@simplebiologist/video/6894048104157400326,755800,45500,9016,40000,4400000,The coronavirus vaccine is fire #covid #covid19 #covidvaccine #science #scienceismagic #foryou #pfizer #pfizervaccine #womeninstem
14,Yes,Single,Male,NA,English,Unclear,Yes,No,Non applicable,Silent video with visuals,NA,Yes,ad emphasizes that vaccines will help us return to normalcy and in person activities,NA,No myth,NA,No,NA,N,N,N,N,N,dalirious,https://www.tiktok.com/@dalirious/video/6947750657428376838,743300,8557,11300,15200,3000000,Google hit right into my heart with this. #covidvaccine #google #googlead  #healthcare #positivity #coronatime #pandemic #fyp #viral #goodnews
15,Yes,Single,Female,NA,English,Unclear,No,No,Non applicable,"Skit, Story Telling",Unclear,N/A,cannot tell if this is satire or purposely stating that side effects of the vaccine will cause neurological issues,NA,"We don't know long term side effects, COVID Vaccine will cause anyone serious short term side effects, No myth",NA,No,cannot tell if this is satire or purposely stating that side effects of the vaccine will cause neurological issues,N,N,N,N,N,sash_powelll23,https://www.tiktok.com/@sash_powelll23/video/6900700218640157957,721000,130500,16200,852800,5100000,#covidvaccine #fyp #fyp„Ç∑
16,Yes,Single,Male,All male,English,USA,Yes,No,Non applicable,"prank video, Dance, Story Telling",NA,N/A,this prank depicts him getting the actual vaccine but then faking side effects as a prank while in the waiting room,NA,COVID Vaccine will cause anyone serious short term side effects,NA,No,https://www.uhhospitals.org/medical-education/uh-osteopathic-consortium/regional-gme/physical-medicine-and-rehabilitation-residency/current-residents; PGY2 PMNR; https://www.instagram.com/vinhzcastle/ ; none of his content is that serious or educational,N,N,N,N,N,vinhzcastle,https://www.tiktok.com/@vinhzcastle/video/6916525221575003398,682100,16100,3035,134000,5400000,"Sorry, had to do it üòÇ #covidvaccine #covidsideeffects #fyp"
17,Yes,Single,Female,NA,English,Unclear,No,No,Non applicable,Skit,Unclear,No,"although creator listed this skit as parody, there is insinuation that the J&J vaccine will cause long term complications",Purposely misleading,We don't know long term side effects,NA,No,"4th amendment is the USA thing; creator makes a lot of misleading claims around abortion, HIPPA, police brutality",N,N,N,N,N,saggitittie,https://www.tiktok.com/@saggitittie/video/6958171419314326790,615900,7598,9790,8070,3800000,yeah this is something i brag about #fyp #covidvaccine #lgbtq #wlw
18,Yes,Single,Male,male,English,USA,No,No,Non applicable,Silent video with visuals,NA,No,"that vaccines will be enforced for everyone and that people may die because of it ; While it is true they are FDA approved for emergencies, the point is that it is an emergency where benefits out weight risks thus that's why it was approved. Seems to twist this into saying not to get it because of that","Misinformation, Purposely misleading",Covid vaccines aren't authorized by the FDA,NA,No,NA,N,N,N,N,N,happymom_0612,https://www.tiktok.com/@happymom_0612/video/6935599625613135109,611900,26900,5372,23000,3700000,#ColorCustomizer #greenscreen #humor #comedy #funny #parody #science #whenwomenwin #covidvaccine #johnsonandjohnson #vaccine
19,Yes,Single,Female,NA,English,USA,Yes,No,Non applicable,"Commentary, Story Telling, Silent video with visuals, Skit",NA,N/A,"person just states that they got the vaccine, no actual statement about the vaccine itself other that theyre happy they received it",NA,No myth,NA,No,Not about vaccine use; just showing how nice people are at the testing facility,N,N,N,N,N,jackieboo109,https://www.tiktok.com/@jackieboo109/video/6951420674967751941,611000,92200,11700,20100,4200000,#fuckcovid #fuckthevaccine #covidvaccine #wakeup #foryou #foryoupage #staywoke
20,Yes,Single,Female,NA,English,Unclear,No,No,Non applicable,"Skit, Story Telling, Silent video with visuals",NA,Unclear,cannot tell if person is parodying the concept of the covid vaccine making breasts grow as a way of encouraging people to take the vaccine; false that breasts grow moreso lymph nodes increase; https://health.clevelandclinic.org/dont-be-alarmed-by-this-covid-19-vaccine-side-effect-that-could-be-confused-with-breast-cancer/ (lymph node swelling could be occuring),NA,"We don't know long term side effects, COVID Vaccine will cause anyone serious short term side effects, No myth",NA,No,NA,N,N,N,N,N,vincenzena,https://www.tiktok.com/@vincenzena/video/6971523117269273862,601300,30000,16400,3014,4100000,I am free marketing for the vaccine I stg. #fyp„Ç∑ #xyzbca #vaccine #pfizer #MACscaraface #covidvaccine #pfizervaccine #moderna
21,No,Single,Male,NA,English,USA,Yes,Yes,Twitter/Instagram,"Satire, Skit",Antivaxers,Yes,creator is stating that vaccines dont have toxins in them,NA,the vaccine has toxic ingredients,NA,No,Creator references a tiktok trend where you windmill your arms to make the vaccine hurt less (according to the comments); video isn't about the vaccine though the creator has clearly gotten it but about the hot guy and the trend,Y,N,N,N,N,thewagfam,https://www.tiktok.com/@thewagfam/video/6920640745137278213,591000,27900,6091,85600,4000000,You gonna get it?? #fyp„Ç∑ #covidvaccine #doctor
22,No,Single,Female,NA,spanish,Unclear,No,No,Non applicable,Skit,NA,N/A,"skit not in english, cannot include in study",NA,No myth,NA,No,NA,N,N,N,N,N,nadina_ioana,https://www.tiktok.com/@nadina_ioana/video/6942939275742825733,588300,1581,5018,7600000,5500000,üíâ  #VacunaCovid19 #roleplayenespa√±ol#asmrcovid#asmrenespa√±ol#asmrespa√±ol#nadinaioana#vacuna#vacunacovid#covidvaccine
23,Yes,Double,Male,Male,English,Unclear,Yes,No,Non applicable,"Story Telling, Stitch (reply to another video)",NA,N/A,"people are just sharing their experiences with getting the vaccine, no  comment is made towards the efficacy or side effects of the vaccine",NA,No myth,NA,No,Says uCLA in bio; point of video is to show that vaccine will help us get back to normal,N,N,N,N,N,exploding_ovaries,https://www.tiktok.com/@exploding_ovaries/video/6949211953650748677,566400,1407,532,51000,4300000,#stitch with @uhlissuhrose I mean atleast the nurse is doing her best right #duet #GetCrocd #xyzbca #fyp #tattoo #covidvaccine
24,No,Single,Male,NA,English,Unclear,Yes,No,Non applicable,"Story Telling, Commentary, Silent video with visuals",NA,N/A,"person is encouraging people to get vaccinated, it is true that Krispy Kreme has a campaign in the US to give people free donuts if they are vaccinated",NA,No myth,NA,No,vaccines will help us return to normalcy and in person activities,N,N,N,N,N,charlesperalo,https://www.tiktok.com/@charlesperalo/video/6943293636780002565,545600,15900,7090,208800,2100000,#greenscreen Krispy Kreme offering free donuts for those vaccinated. #krispykreme #covid #covidvaccine #donuts #dunkin
25,Yes,Single,Male,NA,English,Unclear,No,No,Non applicable,"Commentary, Satire",Side Efffects,N/A,no mention of the actual vaccine,NA,"We don't know long term side effects, COVID Vaccine will cause anyone serious short term side effects",NA,No,Pretty sure this is a pretty valid explanation;  Found user on linkedin; graduat eof Rockefeller University https://rockedu.rockefeller.edu/blog/kate-bredbenner/; also user says that the vaccine will help get us back to normal too,Y,N,N,N,N,bbrandonbrown22,https://www.tiktok.com/@bbrandonbrown22/video/6904797708050058502,527700,22900,6253,191400,2400000,haven‚Äôt really been feeling like myself since getting the covid vaccine... #covidvaccine #fyp #feet #comedy
26,Yes,Single,Male,NA,English,UK,Yes,No,Non applicable,"Commentary, Story Telling",NA,N/A,person describing their positive experience getting the vaccine,NA,No myth,NA,No,NA,N,N,N,N,N,grandadjoe1933,https://www.tiktok.com/@grandadjoe1933/video/6918415787082517762,526900,3409,5331,4400000,3300000,Reply to @grandadjoe1933rules WHO doesn‚Äôt like getting needles? üßê#minivlog #learnontiktok #covidvaccine #edutok #sciencefacts
27,Yes,Single,Female,NA,English,Unclear,Yes,No,Non applicable,"Commentary, Story Telling",NA,N/A,person is stating that she still wears a mask even though she is vaccinated,NA,No myth,NA,No,Similar google ad as prior tiktok; user just reacts to it and is happy about the ad; vaccines will help us get back to normal,N,N,N,N,N,jasmine_0708,https://www.tiktok.com/@jasmine_0708/video/6974140084870237445,1000000,372400,21000,61300,13600000,umm what üò≥ü§Ø #vaccine #vaccinesideeffect #chipped #chipfinder #covidvaccine #covidvaccinesideeffects
28,Yes,Single,Male,NA,English,Unclear,Yes,No,Non applicable,"Commentary, Story Telling, comedy, Satire, Joke",NA,N/A,"person is encouraging people to get the vaccine, Play on antivax rhetoric; probably doesn't believe vaccine is made of dead babies",NA,dead babies are being shot into your arm when you get the covid vaccine,NA,No,NA,Y,N,N,N,N,luzieqz,https://www.tiktok.com/@luzieqz/video/6931458159227817222,464600,19900,4333,1018,2700000,#fauciwouldbeproud #covidvaccinesarentforwimps #heardimmunity #wearamask #covidvaccine
29,Yes,Single,Female,NA,English,Unclear,No,No,Non applicable,"Satire, Story Telling, Satire",Pun,N/A,The joke is that there are different health products with similar names; and she's wondering why these aren't free; she makes it clear in the caption that this is a joke,NA,No myth,Can't find any creator comments so I can't tell if this is satire or not,No,"this is just a play on words of moderna, no actual mention of the vaccine other than the word moderna. creator has stated in the caption that this skit is a joke ; It's very unclear if this is satire against antivaxers or someone making fun of people taking the vaccine",Y,N,N,N,N,sumofyum,https://www.tiktok.com/@sumofyum/video/6952185053338176773,458900,74800,4616,27700,1700000,This isn‚Äôt the first time someone has stuck something in me that has left me sore and feeling like shit #fyp #gaytiktok #lgbtq #covidvaccine
30,Yes,Single,Female,NA,English,Unclear,Yes,No,Non Applicable,"Commentary, Story Telling, Satire, Story Telling, Skit",Vaccine protocols,N/A,"creator is saying you can still get covid even if youre vaccinated, hence screening questions are important",NA,i will never get covid after i had my covid  vaccine,NA,No,cannot tell if this is satire or purposely stating that side effects of the vaccine will cause neurological issues,Y,N,N,N,N,shakeira27,https://www.tiktok.com/@shakeira27/video/6962933254269701382,447800,5570,2036,10400,2900000,For legal reasons this is a joke #ROMWEGetGraphic #PonderWithZion #modernavaccine #covidvaccine #covid19 #joke #pfizervaccine
31,Yes,Single,Female,NA,English,Unclear,Yes,No,Non applicable,"Commentary, Skit, tory Telling, Analogy",NA,N/A,this is more so of a deconstruction of the argument of pro-life (my body my choice) and vaccines ; not so much so factual,NA,No myth,NA,No,this is more so of a deconstruction of the argument of pro-life (my body my choice) and vaccines. creator is supporting vaccine use but not sure if this is relevant to the study,N,N,N,N,N,.allie.phillips,https://www.tiktok.com/@.allie.phillips/video/6945144097103547653,439300,54800,16900,100200,4500000,#covid19 #covidvaccine #healthcare #healthcareworker #coronavirus #covidsymptoms
32,Yes,Single,Male,NA,English,UK,Yes,No,Non applicable,"Satire, Skit, Story Telling, Satire",Antivaxers,N/A,person is jokingly referring to super powers he will receive following the covid vaccine.,NA,We don't know long term side effects,NA,No,"although the creator mentions that he will receive superpowers following the vaccine, it seems that he is pro vaccine and is encouraging people to get it with a positive joke",Y,N,N,N,N,klaudialikesyourdog,https://www.tiktok.com/@klaudialikesyourdog/video/6944079778936835333,437600,8006,4830,4827,1700000,Maybe it was your friend? You‚Äôd have no clue! #careforothers #covidvaccine #mybodymychoice #covid #prochoice #wearamask #PepsiApplePieChallenge
33,Yes,Single,Female,NA,English,USA,No,No,Non applicable,"Commentary, Story Telling, joke",NA,N/A,person is more so commenting on mixed messaging from CDC not actual vaccine usage,NA,No myth,Comment: Please don't spread wrong information. creator: This app is to have fun. This isn't an actual commerical. Smirky face. Other comments seem to show that she wants people to do what they think is best. She does encourage someone who wants to take the J&J one though.,No,person is more so commenting on mixed messaging from CDC not actual vaccine usage,N,N,N,N,N,the_eret,https://www.tiktok.com/@the_eret/video/6951499779721481477,437100,1784,8097,1400000,1300000,Got my first dose of the Pfizer Vaccine!!! #covid19 #covidvaccine #eret #theeret #dreamsmp #vaccine
34,Yes,Single,Male,NA,English,Unclear,Yes,No,Non applicable,"Satire, Skit",Antivaxers,N/A,in the tik tok description the creator discredits the theory that there are metals and magnets in the vaccine by saying that this is not true; joke about microchips in vaccines,NA,"COVID Vaccine will cause anyone serious short term side effects, COVID-19 vaccine inserts you with a microchip",NA,No,NA,Y,N,N,N,N,mommahorsetales,https://www.tiktok.com/@mommahorsetales/video/6962943219957042437,431600,107200,7464,330900,3000000,I‚Äôm just really conflicted‚Ä¶ #funnymom #cdc #covidvaccine #vaccinated #mask #nomask
35,No,Single,Male,NA,English,USA,No,No,Non applicable,Silent video with visuals,NA,Yes,"https://www.nytimes.com/interactive/2021/06/03/us/virus-vaccine-states.html
This was a while ago; the link about is more accurate",Correct at the time,No myth,NA,No,this is not about vaccine use or efficacy- purely a demographic description of lowest vaccination rates in the states.no mention of whether the creator is pro or anti vaccine,N,N,N,N,N,hellomynameis_theo,https://www.tiktok.com/@hellomynameis_theo/video/6964104712341753093,428200,12000,2765,187300,2300000,The magnet & the chip are bs. GET VACCINATED. #TostitosUnspokenBonds #SpotlightAPI #covidvaccine #getvaccinated #fyp #foryou #trans #transman
36,No,Multiple,Male,NA,English,USA,No,No,Non applicable,"Story Telling, Documentary",NA,N/A,NA,NA,No myth,NA,No,"the covid vaccine is only in the tag, this is a video depicting poor sanitation in theme parks",N,N,N,N,N,funfactsusa,https://www.tiktok.com/@funfactsusa/video/6956732759930932485,401700,4924,18200,23400,4300000,Requested by  @sober_pittie_mama #covid19 #covidvaccine #vaccine #geography #funfacts #funfactsusa #viral
37,Yes,Single,Female,NA,spanish,Unclear,Yes,No,Non Applicable,"Commentary, Story Telling",NA,Yes,shows the mechanism of a syringe and hypodermic needle,NA,COVID-19 vaccine inserts you with a microchip,"in the comments someone asks if she had any side effects. Creator: nothing that was worse than a cold, definitly not as bad as the flu shot either!! totally do it",No,"one of the few tik toks ive seen that actually tries to combat misinformation, however it is in spanish so we would need a spanish speaker to verify what the creator is saying",N,N,N,N,N,projectthemepark,https://www.tiktok.com/@projectthemepark/video/6952300027263896838,392300,21600,6891,99100,2100000,"Yeah, I won't be coming back#sixflagsmagicmountain #covidvaccine #ghetto #themeparks"
38,No,Single,Male,NA,English,USA,Yes,Yes,"Tiktok, Twitter, Insta","Commentary, Story Telling",NA,Yes,just documenting the process of getting the vaccine,NA,COVID Vaccine will cause anyone serious short term side effects,NA,No,NA,N,N,N,N,N,protrombina,https://www.tiktok.com/@protrombina/video/6916189521029680390,378100,37200,6187,13300,3500000,"it‚Äôs not magic, there‚Äôs NO chip! It‚Äôs called #science and #technology safety syringe to administer #covidvaccine @drkkwate @medhacker"
39,Yes,Single,Female,NA,English,Unclear,Yes,No,Non applicable,"Satire, Story telling",Antivaxers,Yes,"no claims are made about the side effects other than the satirical ""being a boss ass bitch""",NA,"We don't know long term side effects, COVID Vaccine will cause anyone serious short term side effects","The caption is ""i am free marketing for the vaccine I stg"" which is implies that this is a supportive video; but for the reasons of getting larger breasts",No,NA,Y,N,N,N,N,seethemedlife,https://www.tiktok.com/@seethemedlife/video/6907791224778870021,369900,2823,5659,1700000,1400000,you want to see someone get the Vax before you? Here you go! #covid19 #doctor #covidvaccine
40,Yes,Single,Female,NA,English,USA,Yes,No,Non applicable,"Commentary, Story Telling",NA,Yes,"if you  show a valid vaccination card, you can get a  krispy kreme donut everyday for this year  ; You can go get krispy creme donuts for free https://www.krispykreme.com/promos/vaccineoffer",NA,No myth,NA,No,NA,N,N,N,N,N,kawaiichael,https://www.tiktok.com/@kawaiichael/video/6923707774161456390,369300,9224,1620,2556,3000000,Please be careful üò©üò≠üíî #covid #covidvaccine #qanon #MLM #antivax #vaccine #gay #lesbian #rip @eniamoya
41,Yes,Single,Female,NA,English,Unclear,Yes,No,Non applicable,"Skit, Story Telling",NA,N/A,"this is more so bringing awareness that young people want to get the vaccine, but there is no actual information about the vaccine, this is purely a commentary on wearing a dress to your vaccine appt.",NA,No myth,NA,No,https://www.instagram.com/z_wagner/; https://npiprofile.com/npi/1184282188,N,N,N,N,N,hollyauna,https://www.tiktok.com/@hollyauna/video/6943378857269431557,369100,10500,4016,680700,1300000,Who wants a FREE @krispykreme donut!?!? #krispykreme #donut #covidvaccine #covid19vaccine #vaccine
42,Yes,Animation,"NA",NA,English,Unclear,Yes,No,Non applicable,"cartoon, Silent video with visuals, Animation",NA,Yes,shows a basic and simplified depiction of antibody generation in a cartoon format for the lay audience,NA,No myth,NA,No,NA,N,N,N,N,N,larette.mnl,https://www.tiktok.com/@larette.mnl/video/6946181151799151873,341800,685,448,158800,2400000,How I imagined my vaccination would go down #covidvaccine #lattefam #lattefire #fy #fyp #foryou #covid
43,Yes,Visuals,"NA",NA,English,USA,Yes,No,Non applicable,"Satire, song parody",Antivaxers,Yes,"person is encouraging people to get vaccinated, no actual information though is discussed, just parodying those who dont want to get vaccinated",NA,No myth,So this is in Spanish but apparently it's about roleplaying a doctor about to give the COVID vaccine and to be calm and relaxed,No,I have no idea what the purpose of this video is,Y,N,N,N,N,f90.daniel,https://www.tiktok.com/@f90.daniel/video/6976497506515488002,334700,29200,2569,22100,5500000,How vaccine works in 30sec? #covid19 #tiktokguru #nutrition #fyp #covidvaccine #CucukMYAZ
44,Yes,Double,Male,female,English,Unclear,Yes,No,Non applicable,"Commentary, Story Telling",NA,Yes,just depicting the process of vaccination,NA,No myth,NA,No,NA,N,N,N,N,N,htothemay,https://www.tiktok.com/@htothemay/video/6959369238041611525,325000,6281,4934,427,1100000,#fyp #covidvaccine #getvaccinated #antivaxxersbelike #antimaskkaren #antivaxxersshutup #antivaxxersareidiotic #herdimmunity
45,Yes,Single,Male,NA,English,Unclear,Yes,No,pHD Scientist,"Commentary, Story Telling",NA,Yes,describing what the regulatory process is for pfizer vaccine manufacturing and testing is ; Nov 8 interim pfzier stage 3 trial ;https://www.pfizer.com/news/press-release/press-release-detail/pfizer-and-biontech-announce-vaccine-candidate-against,NA,No myth,NA,No,Exclude because it's not about vaccine use,N,N,N,N,N,3thanrich,https://www.tiktok.com/@3thanrich/video/6948492297340423429,315400,1230,1275,15500,1100000,this woman made my year #covidvaccine #crushcovid
46,Yes,Double,Male,male,English,USA,Yes,No,Non applicable,"Story Telling, Satire, comedic remarks while getting vaccinated",NA,Yes,"comedic remarks while getting vaccinated, obviously vaccine doesnt protect against STIs or pregnancy but still pro covid vaccine",NA,No myth,NA,No,NA,Y,N,N,N,N,dr.noc,https://www.tiktok.com/@dr.noc/video/6893124117331987718,304300,29200,5556,610200,2400000,Stay tuned for more updates! #covid19 #coronavirus #covidvaccine #learnontiktok #nursing #medicine #health
47,Yes,Single,Female,NA,English,Unclear,Yes,No,Non applicable,"Commentary, Story Telling",NA,Yes,person is showing that she was able to overcome her own discomfort with her tourettes syndrome to receive the vaccine,NA,No myth,NA,No,This tiktok's video itself doesn't actually refer to the vaccine at all - just the description; I don't think it's sufficiently related to the vaccine,N,N,N,N,N,kyleprue,https://www.tiktok.com/@kyleprue/video/6948538116412132613,301000,12500,978,259800,1600000,Wait so what‚Äôs it for then??? #vaccine #corona #covid19 #covidvaccine #fyp #foryoupage
48,Yes,Single,Female,NA,English,USA,No,No,Non applicable,Skit,NA,No,person is saying that nobody needs to wear masks especially if youre unvaccinated. they further claim that should someone choose to get vaccinated they shouldnt worry about those who are unvaccinated and maskless.,"Misinformation, Purposely misleading",No myth,NA,No,"at the very end he says ""go get vaccinated and get your donuts"" which is why I think that this could be included even though the majority of the tiktok isn't abotu vaccine use",N,N,N,N,N,thistrippyhippie,https://www.tiktok.com/@thistrippyhippie/video/6978553838252854533,280300,277,1401,13300000,1500000,proud of myselfü•∞wasn‚Äôt easy and all the tics in my body felt so uncomfortableüò£#tourettes #covidvaccine #foryou #tourettesawareness #foryoupage
49,Yes,Double,Female,female,English,Unclear,Yes,No,Non applicable,Story Telling,NA,N/A,this is just a recording of a vaccination appointment,NA,No myth,NA,No,"hard to say what this tik tok is, it seems its pro vaccine but it highlights the poor behaviour of the vaccinator which might discourage others from getting the vaccine.",N,N,N,N,N,veroventuring,https://www.tiktok.com/@veroventuring/video/6965518084366945542,278500,11100,6422,197400,2200000,Team no vaccine and think for yourself! #nomask #novaccine #vaccine #covid #coronavirus #covidvaccine
50,Yes,Single,Male,NA,English,USA,Yes,No,Non applicable,"Commentary, Story Telling",Antivaxers,Yes,"creator is trying to show how coins are not magnetic hence it is a fallacy to say that coins get stuck to your arm following the vaccine, essentially refuting the myth that the vaccine contains magnetic metals/microchips; I think so based on this: https://chemistry.stackexchange.com/questions/130963/why-isnt-the-american-nickel-magnetic; american coins aren't magenetic 


cdc fact sheet confirming no metals in vaccines:https://www.cdc.gov/coronavirus/2019-ncov/vaccines/faq.html?s_cid=10492:pfizer%20covid%20vaccine%20ingredients:sem.ga:p:RG:GM:gen:PTN:FY21",NA,"COVID-19 vaccine inserts you with a microchip, covid vaccine contains metals",NA,No,NA,N,N,N,N,N,jackieruggiero,https://www.tiktok.com/@jackieruggiero/video/6964404666314575109,274600,1562,6751,16700,1500000,lmk if u wanna see the rest of the video #vaccine #covidvaccine
51,No,Multiple,"NA",males,Unknown,Unclear,No,No,Non applicable,Unclear,NA,N/A,NA,NA,No myth,NA,No,this tik tok is in a different language,N,N,N,N,N,tayislively,https://www.tiktok.com/@tayislively/video/6964504073643117830,266000,1509,4715,131300,3100000,My dad really wanted me to show you guys this. #covid #covidvaccine #magneticvaccine #debunkingtheories #vaccine #covid19
52,Yes,Double,Female,male,English,Unclear,Yes,No,Non applicable,"Story Telling, Skit, comedy",NA,N/A,"this is just a humorous representation of the variable side effects of the vaccine, some people get tired others dont.",NA,No myth,NA,No,this tik tok is still pro vaccine and plays on the stereotype that women can still work even with the tiring side effects of the vaccine as opposed to men,N,N,N,N,N,naruto.ch,https://www.tiktok.com/@naruto.ch/video/6902971172040805634,262900,5785,2275,204600,1900000,Expired na daw ang Covid??? #tiktok #covidvaccine #foryoupage #fyp #fyp„Ç∑ #tiktokph
53,Yes,Single,Male,NA,English,USA,Yes,Yes,Google Search,"Commentary, Story Telling, Saitre",NA,N/A,"doctor is describing his own experience with getting the vaccine, dr pretends to choke after the vaccine I think as a joke",NA,No myth,NA,No,I think the point is to encourage people to go get by showing him getting it,N,N,N,N,N,priscillavaneeth,https://www.tiktok.com/@priscillavaneeth/video/6938587837747006726,261700,31100,1829,79100,1800000,The thermometer got me! #dramaticmoments #bestactor #covidvaccine #husbandsbelike @vaneethnandmusic
54,Yes,Single,Female,NA,English,Unclear,No,No,Non applicable,"Story Telling, Skit, cant tell if skit",NA,Unclear,"person is unsure about whether the vaccine makes your breasts bigger, comments show that people are equally confused and there is no consensus reached in the comment section.",NA,No myth,NA,No,NA,N,N,N,Y,N,dallas_niptuck,https://www.tiktok.com/@dallas_niptuck/video/6907359691316251910,257100,1870,7779,155900,1600000,I‚ÄôM TAKING THE VACCINE! Wish me luck haha. #covidvaccine #covid19 #covid19vaccine #covidvaccinesideeffects #fyp #covidvaccinebelike
55,No,Single,Visual,NA,English,Unclear,No,No,Non applicable,"Satire, Skit",NA,N/A,this just seems like pure satire with no greater agenda. a humorous response of a mosquito drinking blood of a vaccinated person complaining that the blood is too spicy,NA,No myth,NA,No,Just proud to say they're double vaccinated,Y,N,N,N,N,neversauced,https://www.tiktok.com/@neversauced/video/6967363261310192901,252600,5373,5528,199000,2100000,No but like why did it actually #covidvaccine #vaccine #covid #jandj #xyzbca
56,Yes,Single,Female,NA,English,USA,Yes,Yes,Verified on TikTok,"Satire, calling people out for their lack of knowledge on mechanism of action of mrna vaccines",Antivaxers,Yes,person is saying that general lay public is demonizing the mrna vaccine without actually knowing the science behind the mechanism.,NA,COVID-19 vaccine will alter my DNA,NA,No,NA,Y,N,N,N,N,paulpc21,https://www.tiktok.com/@paulpc21/video/6968913438944824582,251600,23800,1230,4710,2300000,#mosquitoes #covid #covidvaccine #pfizer #paulpc21 #summer #foryourpage #fyp #waitforit #watchuntilend #meme #trending #trend #vaccine #blowthisup
57,No,Double,Male,male,English,USA,No,No,Non applicable,"Skit, Stitch (reply to another video)",NA,N/A,this tik tok is not about vaccine but about Joe Biden's pronounciation of a date,NA,No myth,NA,No,It's funny because he's gay,N,N,N,N,N,christinaaaaaaanp,https://www.tiktok.com/@christinaaaaaaanp/video/6932254578024910085,250800,11900,3237,262100,1300000,#mrnavaccine #covidvaccine #covid19
58,Yes,Single,Male,NA,English,Unclear,Yes,No,Non applicable,Skit,NA,N/A,"not really a focus on vaccines just a humorous play on words, no real agenda there",NA,No myth,NA,No,NA,N,N,N,N,N,speedymcgogo,https://www.tiktok.com/@speedymcgogo/video/6941029396362906886,250600,26200,2593,14100,1500000,#stitch with @yahoonews I am Joe Biden?? #democrats #joebiden #covidvaccine #comedy
59,Yes,Single,Female,NA,English,Unclear,Yes,No,Non applicable,"Dance, Story Telling,Silent video with visuals, Trend",NA,Yes,person is stating how her BMI surprisingly classified her as obese which allowed her earlier access to the vaccine.,NA,No myth,NA,No,NA,N,N,N,N,N,yvngbrodieee,https://www.tiktok.com/@yvngbrodieee/video/6949049999091043590,248500,6534,3647,3633,1300000,üë¨  #covid19 #covidvaccine
60,Yes,Single,Female,NA,English,Unclear,Yes,No,Non applicable,Story Telling,NA,Yes,person is recording her own vaccination process without commentary,NA,No myth,NA,No,"this is just a play on words of moderna, no actual mention of the vaccine other than the word moderna. creator has stated in the caption that this skit is a joke",N,N,N,N,N,jahrule_,https://www.tiktok.com/@jahrule_/video/6934413663256284421,239900,18900,2586,1423,1700000,Obese in all the right places #fyp #covidvaccine #vaccinated üíâ
61,Yes,Double,Female,male,English,USA,Yes,No,Non applicable,Story Telling,NA,Yes,person recording their journey of getting the vaccine and reporting her symptoms,NA,COVID Vaccine will cause anyone serious short term side effects,NA,No,NA,N,N,N,N,N,latinaxbabyy,https://www.tiktok.com/@latinaxbabyy/video/6951881848523869445,238900,8548,0,26300,3300000,Vaccinated üí™üèº #fyp #covidvaccine #pfizer
62,Yes,Single,Male,female,English,Unclear,Yes,No,Non applicable,Story Telling,NA,Yes,person is recording their journey of getting the vaccine,NA,No myth,NA,No,"Tagged with #healthcareworker but she's not a nurse, in the comments she says ""I'm not a nurse. I'm the front door coordinator at my location"" ; i think she's neutral on vaccines in the way that she's tired of people thinking they're invincible for having the vaccine",N,N,N,N,N,taniamadrigal,https://www.tiktok.com/@taniamadrigal/video/6914477185378061573,476900,15700,22300,12500,3200000,Covid vaccine #covidvaccine#3rdday#symptoms#healthcareworkers
63,Yes,Visuals,Male,NA,English,USA,No,Yes,TikTok Deleted,"Story Telling, Silent video with visuals",NA,Yes,shows number of covid cases following vaccine EUA in the US.,NA,No myth,NA,No,NA,N,N,N,N,N,justlydeserved,https://www.tiktok.com/@justlydeserved/video/6912929016932568325,236800,8586,6127,197600,1600000,#vaccine #Welcome2021 #bye2020 #covidvaccine #vaccinecoronavirus @dr.eric.b
64,Yes,Single,Female,NA,English,USA,Yes,No,Non applicable,"Story Telling, Skit",NA,Yes,person is humourously impersonating her mom but she does mention that the mask guidance from the CDC says that you can remove your mask if you are fully vaccinated. person is also encouraging mask wearing,NA,No myth,NA,No,comparing mybodymychoice in the situation of covid vs abortion; point is to get a vaccine because vaccines effect everyone,N,N,N,N,N,internalmeddoctor,https://www.tiktok.com/@internalmeddoctor/video/6974226574598081798,227200,3480,10200,NULL,2000000,Sheesh. That #covidvaccine #28XTREMES #covid19 #fyp #foryou #doctor #vaccine #antivax #pfizer #moderna
65,Yes,Single,Male,NA,English,Unclear,Yes,No,Non applicable,Skit,NA,N/A,this is just the creator poking fun at himself for being obese while getting the vaccine.,NA,No myth,NA,No,this is more so of a deconstruction of the argument of pro-life (my body my choice) and vaccines. creator is supporting vaccine use but not sure if this is relevant to the study,N,N,N,N,N,kendahllandreth,https://www.tiktok.com/@kendahllandreth/video/6961988129716784389,225900,17300,2103,612600,821400,A reenactment of my mom - Darla is vaccinated! #character #comedy #MAKEYOURMOVE #vaccine #covidvaccine
66,No,Multiple,Male,male,Unknown,Unclear,No,No,Non applicable,"Story Telling, Silent video with visuals",NA,No,NA,NA,No myth,NA,No,this is a video that used the covid vaccine hashtag to get more views but has absolutely no relevance to the vaccine. it depicts a trailer being hooked up to a tractor,N,N,N,N,N,evyn.collins,https://www.tiktok.com/@evyn.collins/video/6946657217051479302,225400,21400,2104,64900,1200000,#covid #covid19 #covidvaccine #fyp #foryou #foryoupage
67,Yes,Single,Female,NA,English,Unclear,Yes,Yes,"Dula, not verified","Commentary, Story Telling",NA,Yes,"https://www.hopkinsmedicine.org/health/conditions-and-diseases/coronavirus/covid19-vaccine-can-it-affect-your-mammogram-results idk if getting a mammogram is recommended; seems excessive ; https://globalnews.ca/news/7760341/covid-vaccine-side-effect-breast-cancer-scare/;‚ÄúIf there‚Äôs a history of the vaccination within six weeks of the mammogram or the swelling of the armpit, what we are recommending is that we have women be examined by their doctors to make sure that that swelling goes away within six weeks,‚Äù Seely, who is also the president of the Canadian Society of Breast Imaging, said.

",NA,No myth,NA,No,NA,N,N,N,N,N,tunahan_yilmaz.14,https://www.tiktok.com/@tunahan_yilmaz.14/video/6946949936357330178,222800,3968,493,27700,14000000,yapƒ±yoruz bu sporu #mf #tiktok #massey #fordconnect #erkunt #covidvaccine #cina #kiki #fordeal #fordranger #fordmustang #fyp #evde #kal
68,Yes,Single,Female,NA,English,Unclear,Yes,No,Non applicable,Satire,Antivaxers,Yes,person was reading off ingredient list of other processed foods and ridiculing those who dont understand the ingredients of a covid vaccine.,NA,Vaccine have bad ingredients in them,NA,No,"although the creator mentions that he will receive superpowers following the vaccine, it seems that he is pro vaccine and is encouraging people to get it with a positive joke",Y,N,N,N,N,theneighborlywombwitch,https://www.tiktok.com/@theneighborlywombwitch/video/6944466254023511301,221700,18800,5630,42500,1200000,#covidvaccine #laboranddeliverynurse #midwifewayoflife #themoreyouknowtok #birthworker #birthwork #doulasoftiktok #northcarolinahype
69,Yes,Single,Female,NA,English,USA,Yes,No,Non applicable,"Dance, Story Telling",NA,N/A,not really anything about the vaccine other than that they got the second dose and wanted to move their arm after. not really misinformation nor is it in any way propagating any other ideologies; i mean i don't know how much evidence matters taht swinging your arm around would help your arm feel better after the vaccine; seems irrelevant,NA,No myth,NA,No,"Basically, saying the CDC is fed up with people arguing about the masks; it's the last part where she goes ""you don't wanna be saved, I'm not saving you"" so it's assumed she does support vaccines as useful",N,N,N,N,N,ainsleyacuff,https://www.tiktok.com/@ainsleyacuff/video/6906629426709073157,220600,5436,4188,5234,1500000,Would you get the covid vaccine? #covid19 #covid #covidvaccine #fyp
70,No,Single,Male,NA,English,Unclear,Yes,No,Non applicable,"Commentary, Story Telling, Comedy",NA,N/A,"this is just the creator showing her dad's humorous way of reacting to  her coming back home with covid. she does mention however ""dont worry hes vaccinated"" so it is still a pro-vaccine tik tok but with no actual information about the vaccines.",NA,No myth,NA,No,person is more so commenting on mixed messaging from CDC not actual vaccine usage,N,N,N,N,N,kellychauca,https://www.tiktok.com/@kellychauca/video/6955599544872635654,218800,3929,1439,11600,1200000,2nd dose check #covid19#coronavirus#pfizer#covidvaccine l#blackpink#kpop#fyp#xyzbca#health#safety#happy#vaccine
71,no,Single,Male,NA,spanish,USA,Yes,No,Non applicable,"Commentary, Story Telling",NA,N/A,NA,NA,No myth,NA,No,not in english,N,N,N,N,N,em_kemm,https://www.tiktok.com/@em_kemm/video/6946380237584321797,211800,1361,978,8961,2500000,don‚Äôt worry he‚Äôs vaccinated #greenscreen #outpizzathehut #YasClean #fyp #foryoupage #help #covid19 #covidvaccine
72,Yes,Single,Female,NA,English,USA,Yes,No,Non applicable,"Commentary, Story Telling, Humor",NA,Yes,"person is more so commenting that she will still wear a mask after getting  vaccinated, not much else in terms of info",NA,No myth,NA,No,caption says  GET VACCINATED,N,N,N,N,N,oskyvlk,https://www.tiktok.com/@oskyvlk/video/6966643593175928070,211700,10400,1927,229100,1600000,Ig: OskyVLK #covid #covid19 #covidvaccine #covid19usa #miami
73,No,Single,Female,NA,French,france,Yes,No,Non applicable,Silent video with visuals,NA,N/A,this is in another language,NA,No myth,NA,No,NA,N,N,N,N,N,justkaylee1989,https://www.tiktok.com/@justkaylee1989/video/6912590873599479046,203200,8343,1500,67100,1100000,Can‚Äôt have any questions about that! #wearyourmask #covidvaccine #beagoodhuman #Bye2020 #
74,Yes,Single,Female,NA,English,Unclear,No,No,Non applicable,"Satire, Skit, cant tell if satire or skit",Unclear,N/A,there is no mention on her bio or comments that what she is doing is satire and that she actually was in the vaccine trial,NA,COVID Vaccine will cause anyone serious short term side effects,NA,No,So while this is merely pointing out states with lowest vaccine rates - I'd assume that since the circus song is playing the author is calling them clowns for having such low numbers which could indicate vaccine support,Y,N,N,Y,N,prunelilly,https://www.tiktok.com/@prunelilly/video/6929935277058297094,197200,6179,2903,103600,5100000,Vous aussi en manque de vacances ? #holliday #pourtoi #‚òÄÔ∏è #poolside #covidvaccine
75,Yes,Double,Female,Female,English,USA,Yes,No,Non applicable,"Commentary, Stitch (reply to another video), Satire",NA,N/A,"not really a misinformation tik tok, more so responding to meghan mccains comment that vaccine cards dont fit in wallets.",NA,No myth,NA,No,this is not about vaccine use or efficacy- purely a demographic description of lowest vaccination rates in the states.no mention of whether the creator is pro or anti vaccine,Y,N,N,N,N,monilove1908,https://www.tiktok.com/@monilove1908/video/6906593586742152454,196100,18500,9225,6071,779900,Covid vaccine trial. #fyp #foryou #foryoupage #covidvaccinesideeffects #covidvaccine
76,Yes,Single,Female,NA,English,USA,Yes,No,Non applicable,"Commentary, Story Telling",NA,Yes,just someone recording their vaccine administation experience,NA,No myth,NA,No,Showing how unsafe six flags is so doesn't have to do with the vaccine,N,N,N,N,N,theatreknox,https://www.tiktok.com/@theatreknox/video/6964561790835510534,195400,926,2237,2197,739300,#TheView #MeghanMcCain #vaccinecard  #ABC @meghanmccainofficial #covidvaccine #joybehar? #whoopigoldberg #sunnyhostin #cnn #sarahaines
77,Yes,Single,Female,NA,English,Unclear,Yes,No,Non applicable,"Satire, Skit",satirizing the shaming of people who received the vaccine early for undisclosed reasons (ie such as having a medical condition even though you look young and are not an HCP),Yes,no misinformation here just satire,NA,No myth,NA,No,"the covid vaccine is only in the tag, this is a video depicting poor sanitation in theme parks",Y,N,N,N,N,ash2fly4u,https://www.tiktok.com/@ash2fly4u/video/6938806065156852997,195300,138,567,4389,2900000,I think my fbi agent is in love with me how else do i explain how i qualified?! ü•∏ #covidvaccine #dmv #pfizer #defrosting
78,Yes,Double,Female,female,English,USA,No,No,Non applicable,"Satire, Skit",satirizing Russian vaccine approval process,N/A,the information is incorrect but then again the tik tok does say its parody,NA,No myth,NA,No,"one of the few tik toks ive seen that actually tries to combat misinformation, however it is in spanish so we would need a spanish speaker to verify what the creator is saying",Y,N,N,N,N,doitjamie,https://www.tiktok.com/@doitjamie/video/6927319198364421381,193700,1838,1373,4474,1400000,That awkward moment when you put your friend through a post-vaccine interrogation üíâüßê #covid #covid19 #covidvaccine #vaccine #comedyvideo #fyp
79,Yes,Single,Female,female,English,Unclear,Yes,No,Non applicable,Story Telling,NA,Yes,just recording their vaccination experience,NA,No myth,NA,No,I can't understand Spanish,N,N,N,N,N,iamirinavoronina,https://www.tiktok.com/@iamirinavoronina/video/6871269704305003782,192700,2771,840,225400,1400000,Russian vaccine is here! ü¶†üßê collab w/ @iamksenia üß™  #Russian #Putin #covidvaccine #parody #comedy #viral
80,Yes,Single,Female,NA,English,Unclear,Yes,No,Non applicable,Satire,Antivaxers,Yes,parody that shows that even after your vaccine your sexual orientation wont change,NA,COVID Vaccine will cause anyone serious short term side effects,NA,No,NA,Y,N,N,N,N,mnolivera,https://www.tiktok.com/@mnolivera/video/6925280347651443974,192400,4384,2347,8034,2100000,My 88 year old Cuban friend got her COVID-19 vaccine! #vaccine #vaccinecoronavirus #covidvaccine #cuban #cubana #lapuenteca
81,Yes,Single,Male,NA,English,Unclear,Yes,No,Non applicable,"Commentary, Story Telling",Antivaxers,Yes,shows that vaccines wont make you magnetic,NA,"COVID-19 vaccine inserts you with a microchip, covid vaccine will make you magnetic",NA,No,"https://www.linkedin.com/in/adam-goodcoff-do-a3292a1b1/, DO; seems like he supports vaccine use",N,N,N,N,N,rachel.esq,https://www.tiktok.com/@rachel.esq/video/6946547293382348037,189000,8986,2260,6513,869700,i‚Äôm proof this #vaccine doesn‚Äôt work ü•∫ #covidvaccine #vaccinesideeffects #vaccinated #covid #covid19 #fyp #warning
82,No,Double,Male,female,English,Unclear,No,No,Non applicable,Silent video with visuals,"cant tell if its satirizing people who want people to respect social distancing, or satirizing overreactions to social distancing",N/A,NA,NA,No myth,NA,No,cant tell if this is pro vaccine or not,N,N,N,N,N,dr.noc,https://www.tiktok.com/@dr.noc/video/6963501576241614086,188500,9022,2648,610200,1200000,I licked my finger in the name of public health üò©  #covid19 #covidvaccine#coronavirus
83,Yes,Single,Female,NA,English,Unclear,Yes,No,Non applicable,"Skit, Silent video with visuals,",NA,Yes,person is jokingly showing what she wants to do after she gets her vaccine (ie. club and travel),NA,No myth,NA,No,joke is the side effects are being a Boss,N,N,N,N,N,mattchris337,https://www.tiktok.com/@mattchris337/video/6958258839653289221,187600,34400,9135,2810,3900000,#covidiots #covid19 #covidvaccine #fyp
84,Yes,Single,Male,NA,English,USA,Yes,Yes,Verified on TikTok,"Story Telling, Silent video with visuals",NA,Yes,shows what a needle will look like that will be used to administer the vaccine; the reason people think it's big is because people think they're going to microchip us but he's showing in reality it will be a small needle like i'm assuming most vaccine needles are,NA,COVID-19 vaccine inserts you with a microchip,NA,No,one of the few verified tik tok docs on this site,N,N,N,N,N,pop.pea,https://www.tiktok.com/@pop.pea/video/6893143750550375682,187400,15400,3545,53000,1000000,Probably wishful thinking but a girl can dream #covid #vaccine #lockdown #covidvaccine #pfizer
85,Yes,Single,Female,NA,English,Unclear,Yes,No,Non applicable,Story Telling,NA,N/A,just a recording of someone waiting in line to get their vaccine for 3 hours and having to pee in a tupperware to not lose their spot in line,NA,No myth,NA,No,just goes to krispy kreme to show you get a free donut with your vaccine card,N,N,N,N,N,seethemedlife,https://www.tiktok.com/@seethemedlife/video/6905919700203572485,185700,1221,6367,1700000,1900000,What will the COVID shot look like? Watch this! #covidvaccine #covid19 #doctor
86,Yes,Single,Male,NA,English,Unclear,Yes,No,Non applicable,"Commentary, Story Telling, Satire, Joke",NA,Yes,person is just commenting on how its incomprehensible that you can believe in harry potter spells but not the covid vaccine,NA,No myth,NA,No,About her wearing an outfit to get the vaccine; only support for vaccine is that she went and got it,Y,N,N,N,N,beetabeauty,https://www.tiktok.com/@beetabeauty/video/6949451787766091013,184100,1840,696,1437,1100000,Desperate times call for desperate measures üòÇüòÇ #covidvaccine #fyp #longbeach
87,Yes,Visuals,Male,NA,English,USA,No,No,Non applicable,"Skit, Silent video with visuals, Satire",NA,N/A,this just seems like a parody and skit with no real agenda,NA,"COVID Vaccine will cause anyone serious short term side effects, No myth",NA,No,"not sure what to do witht his tik tok
",Y,N,N,N,N,imjustinrandall,https://www.tiktok.com/@imjustinrandall/video/6952999212300651781,183400,15000,1374,89600,1600000,#fyp #foryou #foryoupage #harrypotter #vaccine #covidvaccine #gay #lgbt #lgbtq #gaytiktok
88,Yes,Single,Male,NA,English,USA,Yes,Yes,Verified on TikTok,"Commentary, Story Telling",NA,Yes,creator is talking about basic reasons for taking or not taking the vaccine,NA,No myth,NA,No,NA,N,N,N,N,N,bahablast,https://www.tiktok.com/@bahablast/video/6951973760308088070,183200,2338,1359,682600,1300000,covid vaccine gone wrong #vr #boneworks #virtaulreality #gaming #oculus #oculusquest2 #vrgaming #comedygaming #vaccine #covidvaccine
89,Yes,Single,Male,NA,English,USA,no,No,Non applicable,Story Telling,NA,Yes,cdc did lift mask restrictions on fully vaccinated individuals,NA,No myth,NA,No,Reposted; by user; user seems to be Japanese?,N,N,N,N,N,tonyyounmd,https://www.tiktok.com/@tonyyounmd/video/6912861838229163270,181500,2803,4114,4700000,1200000,We all have three options of how we will live in 2021. Which path will YOU choose? #covid #covid19 #2021 #vaccine #covidvaccine #doctor
90,Yes,Single,Female,NA,English,Unclear,Yes,No,Non applicable,"Commentary, Story Telling",NA,Yes,just recording her vaccination experience,NA,COVID Vaccine will cause anyone serious short term side effects,NA,No,NA,N,N,N,N,N,worldoftshirts,https://www.tiktok.com/@worldoftshirts/video/6964082112702008581,181100,1755,3721,2200000,1300000,#fyp #covidvaccine #cdcguidelines
91,No,Single,Female,NA,italian,Unclear,No,No,Non applicable,Skit,NA,Unclear,NA,NA,No myth,NA,No,NA,N,N,N,N,N,katieklubak,https://www.tiktok.com/@katieklubak/video/6956657410748517637,180500,1554,1416,4103,515000,#greenscreen PLZ GO GET VACCINATED!!! #moderna #vaccinated #covidvaccine
92,Yes,Single,Female,NA,English,USA,Yes,No,Non applicable,"Commentary, Story Telling",NA,Yes,krispy kreme does run vaccination promotion specials,NA,No myth,NA,No,NA,N,N,N,N,N,chiaramarita,https://www.tiktok.com/@chiaramarita/video/6963274173011512582,179400,4340,1623,144500,889900,am√Øo tu che vaccino fa√Ø√¶? #perte #fyp #foryou #machebravia #covidvaccine Instagram: chiaramarita
93,Yes,Double,Male,male,English,USA,Yes,No,Non applicable,"Commentary, Story Telling, Q&A, Satire",Antivaxers,Yes,vaccines will need about 1-2 after administration to confer immunity; 1-2 weeks has been the guideline in general direction; https://www.nejm.org/doi/full/10.1056/NEJMc2036242,NA,vaccine science is bad,NA,No,NA,Y,N,N,N,N,halfmoonsahar,https://www.tiktok.com/@halfmoonsahar/video/6942970667209985285,178000,12600,1092,5081,892500,üç© specials for #krispykreme #customerservice #beniceplease #covidvaccine
94,Yes,Single,Female,NA,English,USA,Yes,No,Non applicable,"Satire, Skit",Antivaxers,Yes,bleach will kill you if you inject it,NA,No myth,NA,No,NA,Y,N,N,N,N,dr.noc,https://www.tiktok.com/@dr.noc/video/6961037999098318086,173100,2470,4976,610200,1300000,Reply to @kylehanthetiktokman #covid19 #coronavirus #covidvaccine
95,Yes,Single,Male,NA,English,Unclear,Yes,No,Non applicable,"Commentary, Story Telling",NA,Yes,covid is not a hoax,NA,covid isn't real,NA,No,NA,N,N,N,N,N,chelseaturtles,https://www.tiktok.com/@chelseaturtles/video/6848338618390482182,172200,10400,2293,63100,764500,the utter ridiculousness that is the US covid response - courtesy of frozen! WEAR A MASK #covid #socialdistancing #wearamask #covidvaccine #science
96,Yes,Double,Female,male,English,Unclear,Yes,No,Non applicable,"Satire, Skit",Antivaxers,Yes,a parody that the vaccine will give you telepathy,NA,COVID-19 vaccine inserts you with a microchip,NA,No,NA,Y,N,N,N,N,letustrey,https://www.tiktok.com/@letustrey/video/6975524764798471430,171500,12200,4753,8722,667000,Is covid real or not???  #TubiTaughtMe #dogdaddy #over40 #alphabetmafiaüåà #covid #trumper #covidvaccine
97,Yes,Double,Female,male,English,Unclear,Yes,No,Non applicable,"Satire, Stitch (reply to another video)",Antivaxers,Yes,vaccines wont turn you into shane dawson,NA,COVID Vaccine will cause anyone serious short term side effects,NA,No,NA,Y,N,N,N,N,overj0yed,https://www.tiktok.com/@overj0yed/video/6947022999824452870,171600,18100,1280,5253,2300000,Loving our new super powers #pfizervaccine #covidvaccine #fyp #marriage #couplegoals #vaccinated #vaccine #comedy #sheep #microchip
98,No,Single,Female,NA,English,Hungary,No,No,Non applicable,"Commentary, Silent video with visuals, voice over",NA,N/A,there is nothing about vaccine use here,NA,No myth,NA,No,NA,N,N,N,N,N,minecraftl0ver4ever,https://www.tiktok.com/@minecraftl0ver4ever/video/6911756321125584133,169800,7839,5284,1144,552500,#greenscreenvideo literally couldn‚Äôt believe my eyes #covidvaccine#antivax#vaccinecoronavirus#covid#fyp#shanedawson#shaneyaw
99,Yes,Single,Male,NA,English,Unclear,Yes,No,Non applicable,"Commentary, Story Telling",NA,Yes,person recording their vaccination experience,NA,No myth,NA,No,NA,N,N,N,N,N,anushgazaryan,https://www.tiktok.com/@anushgazaryan/video/6941773263328513286,169000,8660,1831,182000,2500000,Anybody elseÔøº? üôÇ1#neverhadcovid#covidvaccine#uphungary#fyphungary
100,Yes,Single,Male,NA,English,Unclear,Yes,Yes,"Google Search, Med School Listing","Commentary, Story Telling, Satire",Antivaxers,Yes,infertility is a myth https://www.hopkinsmedicine.org/health/conditions-and-diseases/coronavirus/covid-19-vaccines-myth-versus-fact,NA,COVID-19 vaccine will make you infertile,NA,No,NA,Y,N,N,N,N,michael_winner21,https://www.tiktok.com/@michael_winner21/video/6947678588909014278,166700,3296,1361,270000,604100,I could not have made a bigger scene #drama  #covidvaccine #covid #vaccine #coronavirus #FreeFreeDance #fyp #trending #vlog #scared #gay #scaredgay
101,Yes,Double,Male,female,English,UK,Yes,No,Non applicable,"Commentary, Story Telling",NA,Yes,recording vaccination experience,NA,No myth,NA,No,NA,N,N,N,N,N,michaelhagstrom,https://www.tiktok.com/@michaelhagstrom/video/6932805642658876678,166100,9028,4562,18600,1000000,#mrnavaccine #covidvaccine #covid #covid19 #covid2020 #science #meded
102,Yes,Single,Male,NA,English,Unclear,No,No,Non applicable,"Commentary, Story Telling, Satire, Skit",Vaccine protocols,N/A,"this is more so commenting on the regulations of mandatory vaccine administration for employment. this person is simply saying that theyre quitting if such a policy arises at his work. no misinformation, this tik tok is just anti vaccine; i'ts not a requirement",NA,No myth,NA,No,NA,Y,N,N,N,N,grandadfrankk,https://www.tiktok.com/@grandadfrankk/video/6921798121152449793,166000,620,1221,6300000,663900,I got my first covid vaccination ‚ò∫Ô∏è #fyp #foryou #foryou #covidvaccine #needle
103,Yes,Single,Female,NA,English,canada,Yes,Yes,"Phelebotomist, not verified",Satire,Antivaxers,Yes,you wont be able to call bill gates via your vaccine microchip,NA,COVID-19 vaccine inserts you with a microchip,NA,No,NA,Y,N,N,N,N,bobbyjarel,https://www.tiktok.com/@bobbyjarel/video/6903333226085911813,165800,21400,10100,375400,1400000,#covid #covidvaccine #vaccine #job #work #covid19 #peace #lol #jokes #fyp #bobbyjarel
104,Yes,Single,Male,NA,English,USA,Yes,Yes,Twitter/Instagram,"Story Telling, Satire, Story telling",Antivaxers,Yes,"creator comments that they cant stop shaking their ass as a humourous ""side effect"" of the vaccine",NA,COVID Vaccine will cause anyone serious short term side effects,NA,No,NA,Y,N,N,N,N,elim_whatshername,https://www.tiktok.com/@elim_whatshername/video/6941521383767788805,165500,23900,6428,50100,3000000,you have my bank info and you can hear me. there's literally no reason not to.#hospitaltiktoks #covidvaccine #covidvaccinefunny #healthcarehumor
105,Yes,Single,Female,NA,English,USA,Yes,No,Non applicable,"Commentary, Satire, Story Telling",Antivaxers,Yes,creator humoursouly says her side effect is feeling superior to those who didnt get it,NA,COVID Vaccine will cause anyone serious short term side effects,NA,No,NA,Y,N,N,N,N,chrislucia_,https://www.tiktok.com/@chrislucia_/video/6907346739267734789,163800,12500,714,6958,2100000,#nurse #covidvaccine #covid19 #ERnurse #nursesoftiktok #fyp #lgbt
106,Yes,Single,Male,NA,English,Unclear,Yes,No,Non applicable,"Commentary, Satire, Silent video with visuals",vaccine selection,N/A,i guess this perpetuates pfzer is superior which has been an unhelpful narrative; but i think this is more a joke tho,NA,No myth,NA,No,NA,Y,N,N,N,N,kristiluh,https://www.tiktok.com/@kristiluh/video/6938064209313942790,163600,20100,4164,4789,1100000,Covid vaccine side effect they don‚Äôt tell you about #covidvaccine #covidvaccinesideeffects
107,Yes,Single,Male,NA,English,Unclear,Yes,No,pHD Scientist,"Commentary, Story Telling",NA,Yes,dr. noc reports on epidemiological data and general vaccine trends in january 2021,NA,No myth,NA,No,NA,N,N,N,N,N,brenleycarmine,https://www.tiktok.com/@brenleycarmine/video/6948106993206889734,161900,10300,4742,324100,811600,i said what i said #covidvaccine
108,Yes,Single,Male,NA,English,Unclear,Yes,No,Non applicable,"Commentary, Story Telling",NA,Yes,person is recording their vaccination experience,NA,No myth,NA,No,NA,N,N,N,N,N,dr.noc,https://www.tiktok.com/@dr.noc/video/6924110979265531141,160700,6831,1797,610200,1000000,Reply to @evorgnoslen #covid19 #coronavirus #covidvaccine #medicine #nursing #science #drnoc
109,Yes,Single,Female,NA,English,Unclear,Yes,No,Non applicable,"Commentary, Skit, Story Telling, Silent video with visuals",NA,N/A,this is aperson humorously saying that she thinks shes better than everyone because she has the vaccine,NA,No myth,NA,No,NA,N,N,N,N,N,k.a.t.c.h.o.w,https://www.tiktok.com/@k.a.t.c.h.o.w/video/6956278452987202822,159800,327,1265,8110,645400,#covidvaccine #pfizer #mom #latinmoms
110,Yes,Single,Female,female,English,USA,Yes,No,Non applicable,"Stitch (reply to another video), Story telling",NA,Yes,this person is chastizing someone who is forging their vaccination document and stealing blank vaccination cards,NA,No myth,NA,No,NA,N,N,N,N,N,jordankw24,https://www.tiktok.com/@jordankw24/video/6968228896957353222,159000,8491,1926,5091,833600,the way i developed a superiority complex so fast #InTheHeightsChallenge #HoldMyMilk #fyp #covidvaccine
111,Yes,Multiple,Female,M,English,Unclear,Unclear,No,Non applicable,"Prank, Skit",NA,No,just a joke about side effects from vaccine including seizing. joke was done to scare the persons mother,Purposely misleading,We don't know long term side effects,NA,No,NA,N,N,N,N,N,tharealbeccaboo,https://www.tiktok.com/@tharealbeccaboo/video/6942429799340182790,158500,2301,2483,152900,1100000,#greenscreenvideo #greenscreen #BiggerIsBetter #ShowerWithMoxie #covidvaccine #covid19 #covid19vaccine
112,Yes,Single,Male,NA,English,USA,Yes,No,Non applicable,"News, Commentary",NA,Yes,vaccine is safe for children in those age ranges ; https://www.mayoclinic.org/diseases-conditions/coronavirus/in-depth/covid-19-vaccines-for-kids/art-20513332; vaccines are safer than getting covid,NA,No Myth,NA,No,NA,N,N,N,N,N,kbfamily,https://www.tiktok.com/@kbfamily/video/6916317048142417157,157900,11700,2963,85300,3500000,#fyp #foryou #covidvaccine #vaccine
113,Yes,Single,Female,NA,English,Unclear,Yes,No,Non applicable,"Story Telling, Skit, Satire",Antivaxers,Yes,"covid vaccines are not a bill gates conspiracy and are safe and effective, mild side effects of the vaccine",NA,"We don't know long term side effects, Covid-19 inserts you with a microchip",NA,No,NA,Y,N,N,N,N,yahoonews,https://www.tiktok.com/@yahoonews/video/6961521551204289797,157400,9028,14800,1200000,1100000,Biden is urging everyone 12 and older to get the COVID-19 vaccine. #news #politics #covid19 #vaccine #pfizer #covidvaccine #yahoonews
114,Yes,Single (guinea pig),NA,NA,English,Unclear,Yes,No,Non applicable,"Story Telling,  Skit, using a pet animal to encourage vaccination",NA,N/A,NA,NA,No myth,NA,No,NA,N,N,N,N,N,shannonsmith3239,https://www.tiktok.com/@shannonsmith3239/video/6908067245755321606,156300,26700,2944,154500,1000000,#viagra #botox #covidvaccine #erectiledysfuntion #aging #covid19 #pharmaceutical #priorities  #LoveStory #StrikeAPosay #OutPizzaTheHut
115,Yes,Double,Female,Female,English,USA,Yes,No,Non applicable,Satire,Antivaxers,N/A,the vaccine will not cause you to respond to joe biden,NA,COVID-19 vaccine inserts you with a microchip,NA,No,NA,Y,N,N,N,N,brownie.lily,https://www.tiktok.com/@brownie.lily/video/6959958610713660678,151000,1721,1313,191300,3000000,#itsvaccinationday #covidvaccine #guineapig #brownietheguineapig
116,Yes,Double,Female,Male,English,Unclear,Yes,No,Non applicable,"Commentary, Stitch (reply to another video), Story Tleling",NA,Yes,"all medications have side effects, the vaccine has just received a lot of publicity for the minor side effects that it causes",NA,We don't know long term side effects,NA,No,NA,N,N,N,N,N,earth2skylee,https://www.tiktok.com/@earth2skylee/video/6964154887391218950,149000,680,1224,2899,636700,I CANT #vax #vaccine #covidvaccine #covid #TostitosUnspokenBonds #SpotlightAPI #fyp #greenscreen
117,Yes,Single,Female,NA,English,Unclear,Yes,Yes,Certified Pharmacy Tech,"Commentary, Story Telling",NA,Yes,certain syringes will enclose the needle after administering the vaccine dose,NA,The needle stays in your arm after injection,NA,No,NA,N,N,N,N,N,aki.sr,https://www.tiktok.com/@aki.sr/video/6910990076990213381,149000,1448,562,230800,597800,#stitch with @fieldmanworker Side effects include heart attacks and hairloss and tbh idk which is worseüòÇ #ADHD #Adhdmeds #adhdproblems #covidvaccine
118,No (Video Unavaliable),Single,Female,NA,English,NA,NA,NA,Non applicable,Dance,NA,No,NA,NA,No myth,NA,No,VIDEO UNAVALAIBLE,N,N,N,N,N,takeyourmultivitamin,https://www.tiktok.com/@takeyourmultivitamin/video/6948909673949023493,148100,6885,0,10100,2300000,@ the people saying the needle stays in your armü§¶‚Äç‚ôÄÔ∏è #AerieREAL #covid19  #covidvaccine üíâüíâ @pharmustafa
119,Yes,Single,Male,NA,English,USA,Yes,Yes,"Google Search, Verified on TikTok","Commentary, Story Telling",NA,Yes,"https://www.goodrx.com/blog/avoid-pain-relievers-before-covid-19-vaccine/
https://newsnetwork.mayoclinic.org/discussion/common-questions-about-covid-19-vaccinations-answered/",NA,No myth,NA,No,https://en.wikipedia.org/wiki/Drew_Pinsky,N,N,N,N,N,drt.leary,https://www.tiktok.com/@drt.leary/video/6971785788547730693,146900,8591,1589,28100,920700,#foryoupage #fyp„Ç∑ #illuminati #freemasons #secretsocieties #covidvaccine #antilockdownprotest #resist #saveourchildrennow #epstein #hollywood #mkultra
120,Yes,Single,Male,NA,English,Unclear,Yes,No,pHD Scientist,"Commentary, Story Telling, Responding to comments",NA,Yes,https://www.reuters.com/article/factcheck-sm102-moderna-idUSL2N2NE20S,NA,Covid has toxic ingredients,NA,No,NA,N,N,N,N,N,drdrew,https://www.tiktok.com/@drdrew/video/6943813808607563014,146800,48700,5225,64400,3500000,Here‚Äôs what you need to know before getting your Covid vaccine #covid #covid19 #covidvaccine #vaccine #medicine #drdrew #AskDrDrew #2021
121,No,Single,Female,NA,English,Unclear,"NA",No,Non applicable,Story Telling,NA,N/A,this is not about the covid vaccine,NA,No myth,NA,No,NOT ABOUT Vaccine,N,N,N,N,N,dr.noc,https://www.tiktok.com/@dr.noc/video/6963079087548140806,146100,4527,1888,610200,653700,Reply to @footdocdana üòÉ #science #covid19 #covidvaccine #medicine #drnoc #edutok #nursing
122,Yes,Multiple,Female,Male Female,English,Unclear,No,No,Non applicable,"Commentary, Story Telling",NA,No,vaccines dont make you magnetic,"Misinformation, Purposely misleading","Vaccine will make you magnetic, vaccine inserts you with microchip",NA,No,this is an antivaccine tik tok showing how you turn magnetic following the vaccine,N,N,N,N,N,thirdeyeliving,https://www.tiktok.com/@thirdeyeliving/video/6905074821873274118,146000,7227,2206,157800,889900,Reply to @torriex0x0 #nipsey #nipseyhussle #drsebi #drsebiapproved #holistichealth #holistichealing #vaccine #covid #covidvaccine
123,Yes,Double,Female,Female,English,Unclear,Unclear,No,Non applicable,Story Telling,NA,N/A,person does not know that vaccine syringes can autoretract the needle,NA,Vaccine needle stays in your arm,NA,No,this person is most likely pro vaccine but is confused where the needle went after the injection.,N,N,N,N,N,m.babe420,https://www.tiktok.com/@m.babe420/video/6967507633075014918,146000,17700,4958,14200,1300000,SEEN A VIDEO SO WE GAVE IT A TRY AND IT STUCK LMAO üòÇ #FORYOUPAGE #fyp„Ç∑ #foryou #covidshot #covidvaccine
NA,NA,NA,NA,NA,NA,NA,NA,NA,NA,NA,NA,NA,NA,NA,NA,NA,NA,NA,N,N,N,N,N,NA,NA,NA,NA,NA,NA,NA,NA
NA,20 excluded,NA,NA,NA,NA,NA,NA,NA,NA,NA,NA,NA,NA,NA,NA,NA,NA,NA,N,N,N,N,N,NA,NA,NA,NA,NA,NA,NA,NA
